nfl_data,Date(IST),NFO,NFH,NFL,NFC,FIIB,FIIS,FIIN,DIIB,DIIS,DIIN,August,December,CAD,DAD,DOD,NDAD,Currey,Flow,Shine,Vega
1,1/2/2020,12115.67324,12177.11996,12151.57155,12216.27237,2670.78,1982.02,688.76,3490.16,3426.21,63.95,1356,482,-0.01,0.397,-0.98,0.72,-0.052,0.0399,-0.1,-1.309999466
2,1/3/2020,12195.40645,12275.48738,12173.35595,12251.19693,4514.35,3251.3,1263.05,2750.87,3780.07,-1029.2,879,973,-0.23,-0.51,-1.33,0.46,0.443,0.5648,0.08,1.550000191
3,1/6/2020,12272.92902,12299.12704,12181.88753,12228.90326,3732,3835.84,-103.84,3778.78,3802.48,-23.7,360,1502,-0.17,0.015,-0.21,-0.07,0.0877,-0.069,-0.18,-0.170000076
4,1/7/2020,12237.30935,12242.22714,12030.37114,12051.96001,3911.17,4593.4,-682.23,4205.16,3893.97,311.19,1248,578,-0.21,-0.05,-0.02,-1.79,-0.0437,-0.0208,0.08,-0.06000042
5,1/8/2020,12149.13785,12192.47472,11985.55562,12017.34354,4109.04,4624.89,-515.85,5162.02,4413.62,748.4,725,1109,0.56,0.305,0.54,-0.59,-0.298,-0.6992,-0.65,-0.340000153
6,1/9/2020,12004.84589,12090.64336,11915.65731,11987.98373,4716.4,5147.51,-431.11,5020.49,4601.27,419.22,1372,475,-0.4,0.19,-0.54,1.52,-0.3684,-0.1789,-0.22,-0.909999847
7,1/10/2020,12093.35333,12173.39419,12035.41437,12117.86214,4679.66,4101.38,578.28,4438.75,4690.49,-251.74,1024,811,0.02,0.05,-0.69,-0.51,-0.2446,-0.1071,0.25,0.020000458
8,1/13/2020,12220.96655,12275.45649,12153.12931,12211.0875,4883.87,4815.63,68.24,4593.38,4546.21,47.17,1207,665,1.03,-0.05,0.85,0.25,-0.166,-0.2899,-0.4,-0.240000725
9,1/14/2020,12296.68405,12339.81087,12259.89681,12306.40285,4880.95,5086.51,-205.56,3934.36,4576.83,-642.47,1072,755,-0.44,-0.09,-0.11,-0.54,0.096,0.1265,0.11,0.070000648
10,1/15/2020,12353.3278,12391.7057,12322.35282,12371.0322,6026.82,5747.29,279.53,3897.86,4546.2,-648.34,1090,742,-0.05,0.02,0.03,1.31,-0.1204,-0.1458,0.34,0.029999733
11,1/16/2020,12385.38486,12396.63742,12324.14872,12382.18856,4758.32,5153.56,-395.24,3686.43,3871.08,-184.65,1083,750,0.53,0.08,0.21,0.45,0.2359,0.1264,0.19,-0.100000381
12,1/17/2020,12392.26061,12418.08606,12346.1454,12390.79205,6609.58,6345.32,264.26,3615.43,4115.6,-500.17,946,886,-0.1,-0.14,0.86,1,0.1145,0.0681,-0.14,-0.219999313
13,1/21/2020,12376.11296,12420.60088,12355.35874,12387.73263,6095.57,6145.65,-50.08,3255.07,3562.88,-307.81,787,1055,-0.31,0.16,-0.74,-0.06,0.105,-0.0951,0.4,0.75
14,1/22/2020,12268.09268,12305.50618,12240.41001,12250.91787,5254.68,5431.11,-176.43,4286.22,4612.44,-326.22,737,1097,0.07,-0.015,-1.73,-0.11,-0.0619,-0.4468,-0.06,0.059999466
15,1/23/2020,12232.75845,12246.85505,12131.61865,12141.31667,7969.55,6617.42,1352.13,6729.56,7714.12,-984.56,1078,752,-0.04,-0.19,-0.62,0.49,0.2924,-0.3332,0.14,0.069999695
16,1/24/2020,12148.89155,12194.88582,12087.39072,12146.22933,4884.53,4225.42,659.11,3748.79,3330.83,417.96,1064,766,-0.1,0.035,-1.76,0.58,-0.0935,-0.385,0.28,1.580000877
17,1/27/2020,12148.90754,12233.24109,12110.48278,12201.15511,3025.73,3464.58,-438.85,3451.63,3441.12,10.51,761,1100,-0.14,-0.604,-1.31,-0.43,0.141,-0.4249,-0.09,3.669999123
18,1/28/2020,12168.21619,12213.27044,12093.73124,12135.79032,4871.86,6229.42,-1357.56,4857.64,4145.94,711.75,619,1234,0.8,0.174,-0.02,1.36,-0.197,0.2049,-0.62,-1.949998856
19,1/29/2020,12144.14706,12167.53779,12029.32949,12062.26076,5012.44,6026.71,-1014.27,4662.96,3142.06,1520.9,994,842,0.28,-0.025,2.51,4.2,0.126,-0.0855,0.37,0.109998703
20,1/30/2020,12111.12797,12153.14087,12060.05989,12085.11637,4674.24,5636.52,-962.28,3748.39,3456.04,292.35,532,1314,0.46,-0.15,-1.2,0.62,0.2025,-0.1002,0.07,-0.899999619
21,1/31/2020,12122.0188,12135.48405,12010.56856,12032.21155,5142.69,9321.81,-4179.12,7024.62,3208.18,3816.44,670,1127,-0.35,-0.605,-2.4,0.5,-0.0246,-0.2982,0.08,3.350000381
22,2/3/2020,12095.39828,12096.59638,11944.29021,11958.58815,5834.38,7034.65,-1200.27,5825.21,4538.58,1286.63,710,1151,0.33,0.285,0.67,1.33,-0.2414,-0.439,-0.24,-0.870000839
23,2/4/2020,11746.52337,11828.36466,11680.65571,11747.47219,7504.47,7138.26,366.21,4216.53,3614.67,601.86,1262,558,0.22,0.435,1.31,0.88,-0.184,-0.0798,-0.26,-1.920000076
24,2/5/2020,11707.25782,11881.66706,11688.89021,11853.71857,7151.42,6902.48,248.94,5142.23,4879.48,262.75,1032,791,0.35,0.35,1.56,-2.2,0.0665,0.4174,0,-0.899999619
25,2/6/2020,11858.8735,11996.05176,11825.69435,11990.12517,6251.69,6812.05,-560.36,4545.19,4241.18,304.01,1063,764,-0.42,0.072,-0.41,-0.62,0.025,0.0386,0.33,-0.18999958
26,2/7/2020,12019.38642,12099.05029,11990.3749,12091.79677,5048.96,4887.03,161.93,3936.37,4114.96,-178.59,923,892,-0.17,-0.292,-1.17,-1.52,0.245,-0.1916,-0.16,0.510000229
27,2/10/2020,12118.22906,12143.42213,12059.95199,12109.51067,4665.04,4849.62,-184.58,2866.79,3602.58,-735.79,672,1197,-0.29,0.025,0.16,1.4,-0.151,-0.2617,0.24,-0.430000305
28,2/11/2020,12126.59527,12125.68934,12029.53805,12067.11311,4705.54,4914.93,-209.39,3819.48,3474.85,344.63,800,1022,-0.01,0.28,0.6,-0.93,-0.0749,0.16,0.01,0.140000343
29,2/12/2020,12131.39789,12165.47269,12090.7433,12100.91107,5071.12,5022.31,48.81,3795.48,3456.29,339.19,722,1109,0.1,0.2,0.59,-0.74,0.0845,0.4492,-0.03,-1.440000534
30,2/13/2020,12161.27194,12225.09334,12148.94315,12182.5676,5501.59,4440.2,1061.39,2951.69,3912.17,-960.48,805,1018,0.32,-0.18,-1.08,0.34,-0.0411,0.0325,0.52,0.409999847
31,2/14/2020,12221.45454,12245.38163,12168.46827,12198.37852,4271.61,4976.53,-704.92,4037.42,3817.88,219.54,639,1204,-0.64,-0.01,0.33,1.8,0.292,0.1283,0.79,-0.469999313
32,2/18/2020,12224.14275,12266.31918,12137.81872,12157.76549,5132.62,5207.01,-74.39,4360.84,4670.27,-309.43,631,1236,-0.24,-0.205,-0.89,-0.53,-0.0485,0.0241,0.86,1.149999619
33,2/19/2020,12104.5867,12116.93617,11988.21591,12049.18767,4806.74,4997.4,-190.66,3123.58,2533.46,590.12,1188,634,0.37,0.18,-0.18,-0.4,0.022,0.2883,0.42,-0.449999809
34,2/20/2020,12092.49878,12121.68348,12015.26166,12095.00166,7632.11,6136.86,1495.25,3768.28,4467.9,-699.62,929,906,0.05,-0.3,1.2,-0.78,0.067,0.0676,-0.23,1.180000305
35,2/24/2020,12107.88347,12137.59797,12050.43639,12084.59991,5969.32,7130.22,-1160.9,4171.7,3655.49,516.21,478,1382,-1.59,-1.125,-2.52,0.25,0.315,-0.7795,1.26,9.470000267
36,2/25/2020,12038.78418,12045.39792,11881.54729,11899.36305,5356.93,7672,-2315.07,4386.78,2821.5,1565.28,683,1153,-1.07,-0.665,-2.29,-2.33,-0.1785,-0.5011,-0.78,2.819999695
37,2/26/2020,11911.04231,11911.68428,11781.98011,11794.53801,5821.6,9158.2,-3336.6,6635.51,3849.84,2785.67,557,1289,-0.2,0.02,-0.9,0.61,-0.1795,-0.314,-0.16,-0.290000916
38,2/27/2020,11756.45815,11783.39753,11641.47108,11667.59838,5548.34,8675.7,-3127.36,6695.91,3198.41,3497.5,589,1240,-1.43,-0.96,-3.5,-5.57,0.108,-0.5403,-1.31,11.60000038
39,2/28/2020,11637.39255,11646.7781,11511.6375,11585.99472,14161.82,15590.56,-1428.74,11757.09,4135.93,7621.16,233,1654,-1.93,-0.26,0.86,-4.9,0.8825,-0.5451,-0.74,0.950000763
40,3/2/2020,11393.2721,11395.08963,11204.81688,11250.99599,6376.11,7730.83,-1354.72,5097.47,3958.73,1138.74,671,1178,2.36,0.41,1.01,7.57,0.3485,0.66,0.82,-6.690002441
41,3/3/2020,11298.87621,11328.44538,10980.85937,11063.23955,5679.09,8094.89,-2415.8,6177.35,3042.11,3135.24,1007,829,-1.49,-0.269,-0.86,-0.05,0.364,-0.04,0.76,3.400001526
42,3/4/2020,11150.71218,11249.61746,10981.8414,11119.05977,8228.73,9107.11,-878.38,5859.55,5095.42,764.13,511,1384,0.12,0.629,1.35,6.3,0.244,0.008,-0.07,-4.829999924
43,3/5/2020,11195.6623,11239.68408,10952.37142,11125.89927,5980.14,8456.89,-2476.75,5056.28,2545.39,2510.89,968,872,-1.45,-0.571,-1.81,-2.27,-0.0175,-0.383,0.61,7.629999161
44,3/6/2020,11199.75973,11273.35064,11072.69676,11156.54049,6745.54,10340.38,-3594.84,6861.39,4317.61,2543.78,378,1535,-1.24,-0.334,-1.13,-3.6,0.4975,-1.2618,0.07,2.319999695
45,3/9/2020,10954.29272,11047.07791,10842.60619,10982.06003,6076.45,12672.01,-6595.56,9971.24,4996.44,4974.8,260,1690,-4.25,-2.125,-8.44,-4.78,0.1915,-3.0787,-1.3,12.52000046
46,3/11/2020,10712.58488,10753.75715,10370.62563,10530.69127,9721.28,13236.66,-3515.38,7345.59,4510.13,2835.46,785,1097,-0.96,-0.52,-2.54,-6.4,-0.5155,0.6151,-1.14,-0.559997559
47,3/12/2020,10330.89405,10490.64954,10203.48364,10347.98232,9161.05,12636.34,-3475.29,12340.09,8421.85,3918.24,141,1835,-3.23,-2.51,-4.32,-10.69,0.58,-0.5088,-1.91,21.56999969
48,3/13/2020,9972.649848,10036.17266,9569.994728,9676.05235,8336.42,14364,-6027.58,13264.47,7396.57,5867.9,952,932,3.27,0.64,2.02,7.42,-0.3975,0.4905,-1.21,-17.63999939
49,3/16/2020,9186.026567,9942.196368,8651.604257,9660.73177,6908.97,10718.9,-3809.93,8198.16,5583.62,2614.54,309,1640,-3.69,-2.01,-3.69,-10.74,0.1535,-1.1766,0.66,24.86000061
50,3/17/2020,9208.325795,9537.163894,8711.875397,9155.484591,6655.46,10700.15,-4044.69,7632.05,4209.93,3422.12,583,1314,4,0.504,4.6,9.72,0.254,-0.3947,1.38,-6.779998779
51,3/18/2020,9048.889022,9246.370906,8613.86195,8801.625569,6853.17,11938.52,-5085.35,11245.21,7608.77,3636.44,248,1674,-3.93,-1.409,-0.16,-3.46,0.28,-0.99,-1.83,0.539993286
52,3/19/2020,8875.641901,8956.756976,8254.261372,8334.868732,6766.44,11389.37,-4622.93,8692.51,4325.08,4367.43,401,1515,4.47,0.225,1.68,-3.57,0.2365,0.9027,0.2,-4.449996948
53,3/20/2020,8115.984581,8476.763458,7731.580322,8026.316532,6766.44,11389.37,-4622.93,8692.51,4325.08,4367.43,1156,725,-2.06,0.025,-0.68,-7.5,0.533,-0.3427,-0.2,-5.959999084
54,3/23/2020,7970.170882,8518.217542,7783.537946,8274.804916,5701.63,8690.92,-2989.29,6897.22,5814.98,1082.24,107,1777,-2.37,0.37,-0.86,-7.64,0.974,-0.76,1.05,-4.450000763
55,3/24/2020,7713.611795,8069.22477,7433.648557,7631.404632,7407.77,9561.12,-2153.35,5860.39,4306.73,1553.66,783,1053,-0.43,1.738,1.89,10.13,0.085,0.9636,2.57,0.079998016
56,3/25/2020,7573.280211,7819.610704,7264.768634,7512.95104,9310.2,11203.56,-1893.36,5303.16,4565.18,737.98,1070,718,-1.19,0.657,1.91,3.97,-0.0035,0.4623,-0.39,2.280002594
57,3/26/2020,7471.891708,7988.390033,7372.225778,7868.036796,9423.25,9908.03,-484.78,4961.44,5731.37,-769.93,1268,548,3.06,0.618,-0.7,6.86,-1.4855,-0.1803,0.47,-2.950000763
58,3/27/2020,7974.231093,8367.912828,7878.552697,8295.567609,8999.97,8644.19,355.78,5594.3,3890.58,1703.72,1028,811,-2.76,-0.518,-1.12,-1.04,0.5825,-0.0056,-0.34,4.540000916
59,3/30/2020,8592.986526,8774.291411,8290.215618,8521.780205,4726.47,9090.08,-4363.61,6314.21,2763.88,3550.33,667,1171,0.76,0.125,0.09,6.66,-0.113,0.0097,0.05,-8.459999084
60,3/31/2020,8477.659754,8635.570431,8281.988364,8356.23895,6295.4,9340.34,-3044.94,6955.41,3379.18,3576.23,1341,497,1.45,-0.03,0.59,-4.49,0.0315,-0.0597,-0.97,-3.540000916
61,4/1/2020,8523.842625,8646.579496,8356.444414,8509.109966,5581.89,6698.68,-1116.79,2772.09,3222.45,-450.36,938,864,-2.18,-0.994,-2.2,-2.68,0.983,-0.35,0.55,3.520000458
62,4/3/2020,8582.531724,8589.96967,8271.386929,8333.638348,7596.78,9557.75,-1960.97,3568.24,3341.69,226.55,944,877,-0.97,-0.004,0.93,2.95,-0.128,1.2257,1.08,-10.26000214
63,4/7/2020,8442.420178,8401.314827,8126.19616,8132.546112,10341.45,9599.68,741.77,5156.45,4733.94,422.51,1555,337,1.5,1.693,4.36,5.72,-0.5805,0.2857,0.36,-0.099998474
64,4/8/2020,8440.692169,8653.771023,8279.569918,8557.485685,8916.39,6972.98,1943.41,3471.38,5229.17,-1757.79,1217,627,0.46,0.235,2.46,3.19,0.442,-0.1009,0.1,-3.350002289
65,4/9/2020,8615.787686,9001.449802,8563.256747,8725.222222,7277.03,5539.41,1737.62,4135.32,4601.34,-466.02,1522,322,2.52,0.688,1.77,3.79,0.173,-0.011,2.1,-1.680000305
66,4/15/2020,8901.120322,9154.906332,8871.180415,9059.874227,14199.31,12840.65,1358.66,4671.97,5769.83,-1097.86,1213,650,-4.77,-0.753,-4.33,-1.92,0.3265,-0.3223,1.96,-0.829998016
67,4/16/2020,9187.687626,9310.154546,8977.668304,9065.83723,6779.21,9699.57,-2920.36,4655.41,3333.97,1321.44,1341,488,-1.08,-0.171,-0.6,2.31,0.1795,-0.1254,0.53,-0.729999542
68,4/17/2020,9054.148753,9216.604469,8970.361123,9100.330204,7494.64,8886.62,-1391.98,4145.97,3611.73,534.24,1398,446,1.42,0.874,1.79,2.93,-0.238,-0.0435,-0.46,-1.959999084
69,4/20/2020,9318.94439,9355.218783,9145.425252,9300.408841,5817.14,6083.03,-265.89,3448.46,4237.33,-788.87,1157,723,-0.64,-0.278,-1.89,-1.46,0.01,-0.3872,0.38,5.680000305
70,4/21/2020,9475.233599,9455.857704,9311.281709,9373.674013,3997.53,6092.76,-2095.23,4285.48,4353.94,-68.46,503,1345,0.3,-0.571,-0.65,-4.51,0.39,-1.8533,-0.1,1.579998016
71,4/22/2020,9257.795773,9238.334636,9135.645492,9186.934767,5441.64,6767.73,-1326.09,4352.95,3489.13,863.82,960,868,-0.1,0.215,0.96,-0.64,-0.485,0.3822,1.66,-3.430000305
72,4/23/2020,9148.712303,9247.13936,9064.546313,9236.052451,6171.82,6286.4,-114.58,3828.87,3490.6,338.27,1193,650,0.36,-0.213,0.72,-0.78,-0.461,0.1373,0.26,-0.599998474
73,4/24/2020,9238.821198,9342.887445,9183.767428,9341.607717,5668.62,5875.91,-207.29,3903.74,4897.72,-993.98,541,1328,0.32,0.108,0.56,1.78,0.28,-0.0773,0.36,-5.450000763
74,4/27/2020,9224.787826,9347.684443,9209.218348,9265.45535,3888.01,4804.43,-916.42,4502.75,3360.78,1141.97,1085,762,1.99,0.644,1.32,6,-0.053,-0.65,-0.17,-2.63999939
75,4/28/2020,9281.041907,9401.445538,9290.225587,9313.9469,4877.7,4999.85,-122.15,4249.74,3860.74,389,986,830,1.44,0.114,1.43,-0.42,-0.261,0.0102,0.03,0.279998779
76,4/29/2020,9395.180215,9439.832542,9325.009629,9400.931427,5733.65,5011.57,722.08,4303.84,4225.17,78.67,1144,696,3.31,0.768,1.6,0.39,-0.467,0.3596,-0.41,-2.340000153
77,4/30/2020,9454.033344,9592.446162,9427.027775,9558.447233,8792.04,6823.24,1968.8,5919.28,5340.25,579.03,1095,732,-2.58,-0.22,-0.78,-1.93,-0.451,0.53,-0.83,2.920001984
78,5/4/2020,9722.576841,9864.872025,9710.422206,9844.218077,5482.19,6856.17,-1373.98,3756.63,5418.24,-1661.61,412,1439,-0.94,-0.64,-3.63,-3.54,0.5988,0.0102,1.66,1.819999695
79,5/5/2020,9675.13616,9720.163594,9491.016129,9551.701229,3699.65,4759.04,-1059.39,3351.43,4346.73,-995.3,597,1217,-1.28,-0.02,0.31,2.7,0.0757,0.78,0.81,-2.36000061
80,5/6/2020,9563.902352,9580.166518,9321.351191,9340.486618,4544.82,5038.5,-493.68,3811.57,3489.1,322.47,821,981,-0.82,-0.314,-1.41,-3.2,0.149,-0.275,-1.63,0.509998322
81,5/7/2020,9357.47015,9433.855411,9184.523159,9286.888613,23369.82,4313.33,19056.49,7050.9,3232.49,3818.41,794,995,0.36,0.289,0.89,1.7,-0.027,-0.288,0.7,-2.679998398
82,5/11/2020,9264.595428,9315.445273,9164.428481,9211.953806,5383.01,4848.14,534.87,3799.19,4620.79,-821.6,859,968,-0.36,0.309,1.05,1.91,-0.0037,0.318,-1.24,-3.870000839
83,5/12/2020,9305.90282,9380.193595,9189.466551,9209.351767,6231.71,7893.74,-1662.03,5326.5,5690.5,-364,684,1103,-1.58,-0.258,-0.11,-0.74,-0.6498,-0.1115,0.02,5.470001221
84,5/13/2020,9198.645972,9270.206587,9076.68728,9181.2436,6192.1,6475.53,-283.43,4847.22,4614.57,232.65,1331,472,-0.69,-0.568,-1.44,0.39,0.144,-0.1891,0.08,2.239997864
85,5/14/2020,9451.695206,9470.31498,9248.908768,9306.519316,4655.18,6807.7,-2152.52,4146.16,3343.8,802.36,703,1086,0.14,-0.136,1.16,0.59,0.1572,0.4206,1.02,-2.669998169
86,5/15/2020,9302.322865,9345.732745,9163.548507,9192.65728,3905.69,6293.73,-2388.04,3501.57,2276.04,1225.53,837,945,0.41,0.018,0.05,2.6,0.3163,0.215,0.9,-0.720001221
87,5/18/2020,9209.431818,9217.437694,9074.106654,9136.994169,4648.07,7160.89,-2512.82,4381.64,4534.06,-152.42,390,1462,2.46,1.7,3.18,2.86,-0.0505,0.9,-0.84,-2.590000153
88,5/19/2020,9151.830603,9144.828743,8861.363959,8890.294356,13613.73,14942.04,-1328.31,4362.13,2702.39,1659.74,788,982,-1.8,-0.21,-1.1,-2.31,-0.107,-0.09,0.9,1.23000145
89,5/20/2020,8988.778752,9025.863707,8805.002195,8824.216303,4522.3,5988.82,-1466.52,4855.06,2481.87,2373.19,1056,707,2.32,0.425,0.54,2.08,-0.178,0.47,-0.85,-2.540000916
90,5/21/2020,8868.805879,9024.544308,8802.981628,8939.04194,6102.7,6361.43,-258.73,3602.92,3201.14,401.78,1049,721,-0.07,-0.336,-0.36,-0.72,0.1155,0.1793,-0.99,1.540000916
91,5/22/2020,8960.01508,9093.21622,8940.82899,9028.775555,4404.88,5758.78,-1353.9,4164.03,4508.19,-344.16,667,1103,0.13,0.059,0.3,1.35,0.4015,-0.2143,0.06,-1.370000839
92,5/26/2020,9002.442074,9110.062081,8946.761433,9025.730381,11849.98,7133.85,4716.13,6700.02,3858.93,2841.09,904,892,1.95,0.83,2.67,0.94,-0.5409,0.2449,-1.59,-0.149999619
93,5/27/2020,9050.157101,9130.204973,8971.971317,9018.797779,6191.51,6526.25,-334.74,5684.69,3275.84,2408.85,1064,715,2.81,0.577,1.03,-1.09,0.4389,-0.3588,-0.81,-0.38999939
94,5/28/2020,9062.551956,9266.293691,8990.487091,9223.600795,8584.41,6230.27,2354.14,5044.02,4899.19,144.83,1264,537,-0.98,0.196,-1.11,1.18,-0.197,0.0789,0.03,0.969999313
95,5/29/2020,9274.014802,9457.224758,9239.700161,9443.793132,25389.42,23928.71,1460.71,8144.45,7177.02,967.43,1163,632,-1.27,-0.024,-0.11,2.09,-0.093,0.5025,0.05,-1.079999924
96,6/1/2020,9411.347272,9603.986787,9380.872017,9603.532897,7015.34,5439.88,1575.46,4890.67,5349.92,-459.25,1506,349,-1.05,0.668,0.01,0.42,-0.0644,-0.8925,0.78,0.719999313
97,6/2/2020,9689.120857,9904.392435,9677.174985,9843.973555,12157.1,4658.78,7498.29,5065.9,4624.85,441.05,1382,459,-0.14,0.321,1.99,0.36,-0.5416,1.36,-0.83,-1.38999939
98,6/3/2020,9918.000828,10075.75662,9885.912579,10050.51027,9979.47,8128.35,1851.12,4633.07,5414.86,-781.79,1279,586,2.04,1.104,1.03,0.1,0.3652,-0.0892,-0.73,-1.180000305
99,6/4/2020,10172.03764,10267.00187,10117.24958,10185.60711,8506.04,5601,2905.04,3622.8,4470.11,-847.31,943,889,0.38,0,1.08,-1.41,0.0828,0.1592,0.21,0.149999619
100,6/5/2020,10227.95499,10295.41757,10134.70172,10201.77187,4585.79,4488.18,97.61,3539.03,3491.74,47.29,1588,312,2.74,0.6,1.26,1.97,0.167,0.7015,-0.14,-1.289999008
101,6/8/2020,10258.4574,10325.47025,10189.02095,10269.67133,6081.97,5268.7,813.27,4212.26,5450.49,-1238.23,1301,607,0.91,0.32,1.93,1.4,-0.169,-0.3445,0.27,1.289999008
102,6/9/2020,10420.40863,10429.28678,10250.90181,10300.12516,6502.25,6011.44,490.81,4043.52,4776.85,-733.33,773,1135,-0.8,-0.48,-1.49,-1.21,0.045,0.1592,0.77,1.760000229
103,6/10/2020,10368.9161,10431.98538,10188.58281,10209.04733,4432.22,5351.48,-919.26,3179.77,2679.07,500.7,1155,740,-2.03,-0.085,-0.83,-0.08,0.1135,0.0138,0.75,0
104,6/11/2020,10247.15929,10313.21568,10154.59824,10203.19446,3805.18,4610.32,-805.14,3027.31,3901.66,-874.35,662,1199,-3.06,-1.755,-4.32,-6.76,0.373,-0.89,-0.77,13.22000122
105,6/12/2020,10192.85708,10219.36463,10017.32257,10036.04267,3579.73,4891.22,-1311.49,5251.66,3306.51,1945.15,952,910,1.09,0.25,1.97,1.9,0.0439,0.1996,-0.24,-4.700000763
106,6/15/2020,9765.288517,10085.4259,9702.073748,10004.13058,3247.57,6207.9,-2960.33,3826.07,2749.69,1076.38,923,973,0.15,0.351,0.75,2.22,-0.0479,0.2347,0.67,-1.689998627
107,6/16/2020,9837.276863,9983.324733,9688.136896,9873.176784,4608.09,6086.61,-1478.52,4742.48,3580.97,1161.51,847,1036,1.26,0.489,0.27,1.16,0.256,0.2257,-0.36,-0.730003357
108,6/17/2020,9944.652531,10011.6844,9688.706395,9885.864632,4910.75,5397.37,-486.62,3759.97,3591.92,168.05,1027,838,-1.71,-0.185,-1.08,-0.4,0.0275,-0.09,-0.13,-0.199996948
109,6/18/2020,9896.618021,9996.542212,9769.484567,9870.682589,4918,4551.43,366.57,3671.35,2540.08,1131.27,1407,455,0.12,-0.123,0.41,1.16,0.1101,0.2547,-0.31,-0.530002594
110,6/19/2020,9865.360977,10068.82492,9817.624812,10017.5982,14764.29,13527.29,1237,6511.56,7392.22,-880.66,1295,584,-0.43,-0.237,0.07,-0.46,-0.1699,0.2,0.55,2.180000305
111,6/22/2020,10037.01885,10219.23563,10004.57464,10195.8555,5467.93,5043.72,424.21,4781.76,6069.45,-1287.69,1376,561,0.47,0.375,0.09,0.88,-0.4057,0.2453,0.96,-3.349998474
112,6/23/2020,10260.34242,10373.72131,10236.40993,10321.69416,23234.73,23065.77,168.96,4753.26,4298.78,454.48,1388,512,-0.56,0.445,-0.39,-1.11,-0.2745,-0.043,0.23,-0.399999619
113,6/24/2020,10378.38328,10504.17513,10352.27503,10486.88807,8721.09,6954.19,1766.9,4527.64,6052.54,-1524.9,775,1121,-0.91,-0.715,-2.9,-3.32,0.169,-0.737,0.03,2.469999313
114,6/25/2020,10553.74777,10603.92675,10378.53103,10431.58257,5716.86,6767.47,-1050.61,7786.25,8041.84,-255.59,1034,850,1.2,0.46,1.53,3.41,-0.113,0.3943,0.02,-1.619998932
115,6/26/2020,10409.01691,10499.66802,10314.29086,10382.38637,4220.4,4973.58,-753.18,4763.5,3459.32,1304.18,1116,770,-0.84,-0.725,-0.18,-2.87,0.0725,-0.2662,0.14,2.509998322
116,6/29/2020,10433.63646,10475.97899,10358.47778,10419.371,3964.64,5901.7,-1937.06,4337.18,3301.05,1036.13,713,1210,1.195,0.12,1.18,1.73,-0.123,0.3768,0.26,-2.949998856
117,6/30/2020,10388.62984,10406.73157,10307.27595,10378.90548,4796.39,6796.47,-2000.08,5247.06,3195.75,2051.31,801,1080,0.975,0.259,-0.22,1.92,0.0015,-0.0376,0.81,-1.350000381
118,7/1/2020,10412.35743,10416.22316,10308.26805,10347.29078,3629.77,5326.22,-1696.45,3669.48,2292.35,1377.13,1054,864,-1.56,-0.139,-0.01,1.29,-0.023,0.0774,-0.13,-1.809999466
119,7/2/2020,10375.90016,10451.36909,10327.02059,10421.49752,4054.33,4611.05,-556.72,5134.57,4225.93,908.64,1137,748,0.99,0.54,0.84,-0.7,-0.724,0.1487,-0.54,-0.940000534
120,7/6/2020,10477.18323,10574.08144,10465.61191,10540.19152,4111.43,3763.08,348.35,4205.92,3942.45,263.47,1160,771,0.1,0.495,0.86,1.02,-0.179,0.1416,0.34,0.260000229
121,7/7/2020,10686.81456,10780.62437,10675.55124,10742.77521,6580.15,5750.25,829.9,3512.24,4296.71,-784.47,920,1004,-1.49,-0.423,-0.76,-0.61,0.2253,-0.08,0.41,1.489999771
122,7/8/2020,10832.92463,10869.19666,10758.54823,10852.95804,5473.24,6468.11,-994.87,3721.81,4575.22,-853.41,812,1107,-0.39,0.068,-1.34,1.23,0.1137,0.19,0.7,-1.350000381
123,7/9/2020,10899.60842,10922.8357,10774.17017,10822.9595,4516.59,4303.82,212.77,2872.1,3675.49,-803.39,1019,858,-0.64,-0.015,-0.91,-0.9,0.2079,-0.43,-0.13,1.180000305
124,7/10/2020,10871.07464,10927.44979,10809.57296,10874.71863,2489.45,3520.45,-1031,2777.56,3208.77,-431.21,618,1268,1.42,0.255,1.32,2.08,0.0591,0.26,-0.48,-1.969999313
125,7/13/2020,10851.92783,10905.82566,10800.15508,10855.35479,3730.71,3508.95,221.76,2803.89,4289.48,-1485.59,777,1134,0.96,-0.082,0.48,0.12,-0.0279,-0.1908,-0.98,4.899997711
126,7/14/2020,10897.09718,10940.6916,10817.01389,10862.12718,3557.86,5123.48,-1565.62,3536.39,4186.09,-649.7,459,1427,-0.55,0.457,1.2,1.8,0.2549,0.1258,0.92,-2.669998169
127,7/15/2020,10836.90677,10849.26833,10677.24418,10716.97005,4579.58,4801.28,-221.7,4198.17,5097.54,-899.37,745,1137,1.79,0.42,0.89,2.04,-0.2901,0.27,0.04,-1.760000229
128,7/16/2020,10766.55585,10853.17093,10618.30342,10653.58511,4489.16,5580.24,-1091.08,5544.6,3884.69,1659.91,758,1115,-0.18,-0.07,0.5,0.19,0.0046,-0.16,-0.4,0.239999771
129,7/17/2020,10734.28373,10799.67699,10602.42733,10711.67287,5202.81,4505.73,697.08,4072.47,4281.89,-209.42,1233,625,-1.18,0.23,-0.16,1.41,-0.2105,0.015,0.65,-2.319999695
130,7/20/2020,10750.98896,10901.39099,10706.5412,10855.08791,4960.3,3250.33,1709.97,3306.19,4828.18,-1521.99,1140,784,-0.89,0.3,-1.37,2.86,-0.1462,0.0069,0.78,-1.220001221
131,7/21/2020,10936.47476,11021.48721,10900.46586,11005.39971,8209.13,5943.25,2265.88,3465.53,4192.92,-727.39,1030,848,1.85,0.205,0.74,-0.29,-0.2538,0.3229,0.11,0.380001068
132,7/22/2020,11110.22889,11174.17515,11100.86549,11169.28252,6908.58,5243.01,1665.57,3694.53,4833.36,-1138.83,781,1116,-0.77,0.2116,1.3,3.09,0.0475,0.0052,0.29,-0.520000458
133,7/23/2020,11258.20112,11278.6182,11141.96937,11212.92476,5509.38,3768.88,1740.5,3825.47,4757.38,-931.91,1036,820,0.26,-0.3366,-1.52,-2.69,0.2119,-0.1719,-0.53,1.760000229
134,7/24/2020,11244.89373,11316.9918,11181.96574,11280.79247,,,,,,,684,1190,-0.62,-0.205,-0.21,-0.85,-0.0514,0.0119,0.45,-0.239999771
135,7/27/2020,11237.16371,11312.74083,11179.293,11284.83431,4090.97,4544.28,-453.31,3560.65,4538.53,-977.88,532,1370,-0.74,0.275,1.39,-0.03,0.0225,0.135,1.47,-1.100000381
136,7/28/2020,11277.82103,11300.26438,11165.77114,11230.55649,5836.36,5590.41,245.95,3990.8,5008.2,-1017.4,930,939,-0.93,-0.125,-1.38,-2.38,0.1215,-0.1846,-0.32,0.700000763
137,7/29/2020,11236.61968,11353.21224,11196.88492,11318.82104,5725.05,6077.67,-352.62,4301.09,4806.71,-505.62,996,869,0.56,0.245,0.9,2.86,-0.0215,0.1097,-0.81,-1.340000153
138,7/30/2020,11298.84662,11387.29252,11202.71899,11281.52325,6462.05,6254.75,207.3,5558.41,5945.65,-387.24,674,1212,-0.48,-0.67,-1.79,-1.11,0.046,-0.2804,-0.53,0.659999847
139,7/31/2020,11304.86434,11365.54305,11151.9751,11184.5878,4283.29,5241.93,-958.64,4447.93,4005.2,442.73,820,1023,-0.36,-0.61,-0.67,1.41,0.0119,0.1103,0.66,-0.300001144
140,8/3/2020,11218.47174,11241.25424,11081.63447,11115.27026,13299.91,5481.42,7818.49,4719.84,4855.39,-135.55,979,877,0.06,0.69,-0.97,-0.96,0.2756,0.11,-0.19,-0.179998398
141,8/4/2020,11115.4824,11114.30463,10943.12946,10951.95519,5426.42,4722.68,703.74,3650.09,4315.78,-665.69,1222,641,-0.24,0.075,1.23,-0.65,-0.1315,0.2,1.03,-0.520000458
142,8/5/2020,10987.74577,11095.82669,10899.11763,11025.95307,5976.57,6036.75,-60.18,3055.35,3481.33,-425.98,1192,677,-0.76,0.195,0.67,0.66,-0.26,0.2,0.09,-0.770000458
143,8/6/2020,11082.22902,11172.0455,10994.8526,11068.46736,5578.69,4941.26,637.43,3042.83,3510.83,-468,1132,744,0.96,0.0555,0.06,0.34,0.123,-0.03,-0.34,-0.340000153
144,8/7/2020,11150.43963,11231.43057,11087.07809,11160.4637,6034.73,5637.41,397.32,3442.99,3881.61,-438.62,1196,663,1.81,-0.1155,0.58,2.17,0.105,-0.2498,-0.63,-0.440000534
145,8/10/2020,11182.66547,11240.30808,11139.49482,11212.11084,4892.69,4589.81,302.88,3963.32,4468.24,-504.92,1242,658,0.41,0.0205,2.17,-1.34,-0.111,0.1865,-0.15,-0.079999924
146,8/11/2020,11256.34428,11318.85806,11230.07299,11273.52321,6227.7,5214.04,1013.66,2759.01,4174.55,-1415.54,1060,831,0.84,0.1895,-0.3,-1.06,-0.28,-0.0967,-2.47,1.900001526
147,8/12/2020,11325.08129,11378.7537,11311.54272,11335.53671,4938.95,4587.8,351.15,3560.3,4499.97,-939.67,1007,896,0.4,0.675,-0.22,-0.05,0.074,0.27,-0.07,-1.75
148,8/13/2020,11328.31295,11364.92926,11301.95983,11348.66847,4569.17,4152.89,416.28,3693.86,4457.4,-763.54,1087,789,-0.8,-0.17,0.15,-0.14,0.101,-0.0199,0.96,-0.150001526
149,8/14/2020,11357.96517,11381.13287,11310.69647,11343.36587,5184.05,5137.66,46.39,3255.49,4052.57,-797.08,701,1202,0.13,-0.265,0.44,-1.04,0.038,-0.1501,-0.15,-0.079999924
150,8/17/2020,11380.38727,11390.01517,11195.14884,11248.19357,3828.93,3496.03,332.9,2766.3,3483.92,-717.62,1139,743,-0.36,0.315,-0.41,1.07,-0.107,0.31,3.14,-0.699998856
151,8/18/2020,11310.8934,11319.31293,11162.6867,11251.21394,5409.49,4274.92,1134.57,2893.29,3272.67,-379.38,1325,550,-1.14,0.135,0.25,-0.26,-0.12,-0.07,-0.09,0.159999847
152,8/19/2020,11283.49812,11381.73884,11225.78879,11351.61632,4934.93,4475.92,459.01,3595.59,3692.72,-97.13,1214,665,0.19,-0.055,-0.07,-0.18,0.206,0.03,-1.06,1.030000687
153,8/20/2020,11408.40623,11451.45082,11356.08057,11412.54921,4680.39,4948.85,-268.46,3438.24,4110.47,-672.23,1050,840,-0.53,-0.205,-0.95,0.59,0.224,-0.1239,0.97,0.179998398
154,8/21/2020,11366.59994,11409.16356,11337.64398,11367.11696,3975.11,3564.95,410.16,4277.43,4528.08,-250.65,1214,679,-0.22,-0.365,-0.1,-0.54,-0.139,-0.179,-0.64,-0.179998398
155,8/24/2020,11410.42456,11427.61841,11376.7337,11385.14519,4444.08,4225.01,219.07,3344.75,3680.39,-335.64,10680,860,0.96,0.595,2.53,1.66,-0.757,0.1379,-0.34,-0.170000076
156,8/25/2020,11429.58345,11490.70765,11425.62165,11459.16496,5640.95,4159.75,1481.2,3913.03,4086,-172.97,851,1058,0.16,0.095,-0.53,-1.48,0.0708,0.275,-0.22,-0.340000153
157,8/26/2020,11508.09777,11537.45115,11452.59111,11493.90053,6857.48,5276.17,1581.31,3785.61,4980.23,-1194.62,1102,782,-1.07,0.425,0.75,2.44,-0.0183,-0.0542,0.62,1.239999771
158,8/27/2020,11540.00261,11580.67388,11487.67726,11561.06495,6625.39,5461.07,1164.32,3339.96,4149.23,-809.27,951,934,0.84,-0.415,-0.18,-0.69,-0.3,-0.1549,-0.79,1.199998856
159,8/28/2020,11619.17962,11635.8687,11555.50431,11593.59814,6618.88,5614.77,1004.11,5341.4,5884.96,-543.56,750,1147,0.04,0.1429,-0.11,-0.01,-0.7465,0.0041,0.62,-1.510000229
160,9/1/2020,11645.1789,11705.4024,11616.1797,11666.33039,7444.55,6958.46,486.09,3436.41,4211.64,-775.23,780,1081,-0.82,-0.1779,1.22,2.98,-0.161,0.035,0.13,3.160001755
161,9/2/2020,11550.59491,11635.39962,11476.93798,11565.37214,6640.39,5649.82,990.57,3157.15,3814.63,-657.48,1232,649,0.05,0.69,1.95,2.46,0.2633,-0.3924,0.28,0.449998856
162,9/3/2020,11512.65245,11598.41383,11453.7495,11560.19246,5127.27,5119.55,7.72,3301.57,3181.49,120.08,1024,847,0.06,-0.8403,-0.83,-4.02,0.1007,-0.0475,-0.35,7.029998779
163,9/4/2020,11556.5295,11600.1268,11497.3285,11549.65642,4931.66,6820.44,-1888.78,3784.71,4241.59,-456.88,553,1342,0.21,0.0453,0.21,-2.97,-0.088,-0.5001,-0.21,-2.849998474
164,9/8/2020,11422.86361,11503.35693,11369.22841,11403.55993,3659.41,4715.93,-1056.52,4162.36,3542.07,620.29,579,1288,-1.5,-0.26,-0.67,-3.85,0.4901,-0.78,0.15,0.709999084
165,9/9/2020,11378.62959,11447.90182,11300.72584,11325.03742,5079.82,6038.91,-959.09,3974.56,4238.53,-263.97,509,1373,-0.16,0.825,1.3,2.75,-0.3907,0.3171,1.26,-2.649999619
166,9/10/2020,11246.1298,11324.60096,11196.55672,11264.53139,5897.92,5059.55,838.37,3224.77,3542.07,-317.3,1291,566,-0.65,-0.3453,-0.53,-4.28,0.0748,-0.2471,-0.35,0.899999619
167,9/11/2020,11293.94319,11391.48021,11255.86594,11365.17486,5468.87,4293.06,1175.81,3004.57,3728.88,-724.31,982,869,-0.26,0.2153,1.15,0.79,0.05,0.0991,-0.36,-2.839998245
168,9/14/2020,11382.2065,11448.1267,11354.77719,11426.4729,6172.11,5873.89,298.22,5851.26,5971.61,-120.35,1320,561,0.89,0.0491,0.24,1.29,-0.0712,-0.0635,0.18,-1.020000458
169,9/15/2020,11491.99417,11530.57723,11375.99022,11437.98401,5391.77,4220.88,1170.89,3922.08,4817.71,-895.63,1111,770,-0.9,-0.4091,0.98,1.17,0.153,0.2177,0.06,-0.260000229
170,9/16/2020,11503.57913,11544.44427,11427.69245,11501.75934,4980.88,4716.22,264.66,4259.67,4471.88,-212.21,966,864,0.23,0.41,-1.37,-0.86,-0.058,0.4786,0,0.450000763
171,9/17/2020,11543.20507,11608.212,11503.88988,11589.42325,4580.45,4830.27,-249.82,3883.84,4951.67,-1067.83,675,1190,-0.13,-0.02,1.27,-2.86,0.074,0.2231,-0.85,0.419998169
172,9/18/2020,11559.195,11612.66828,11522.80969,11562.5931,19932.3,19727.15,205.15,6248.89,6349.72,-100.83,798,1050,0.38,-0.2085,-0.6,-1.99,-0.05,-0.0563,-0.25,-0.629999161
173,9/21/2020,11595.46025,11609.16211,11489.70529,11538.23878,5230.5,5770.31,-539.81,4333.23,4851.18,-517.95,294,1639,-1.73,-1.3015,-2.46,-0.4,0.002,-0.3487,-0.7,1.950000763
174,9/22/2020,11550.75718,11569.5678,11307.61526,11341.6763,3805.95,5878.71,-2072.76,4963.84,4084.93,878.91,413,1476,-0.1,0.134,-0.11,1.27,-0.055,-0.0263,0.23,-0.920000076
175,9/23/2020,11382.00132,11382.18397,11128.33729,11182.90824,4190.07,8102.51,-3912.44,5186.24,3557.01,1629.23,830,1048,-0.58,-0.4902,-1.06,-3.59,0.0527,-0.0714,-1.28,1.719999313
176,9/24/2020,11274.18821,11267.29141,11008.56328,11100.54873,6301.62,8187.31,-1885.69,7839.03,7650.39,188.64,303,1574,0.85,0.0562,-0.33,1.57,0.3853,0.1727,0.51,-0.069999695
177,9/25/2020,11051.94028,11045.76341,10795.35378,10838.21201,4383.11,6463.32,-2080.21,4210.84,2140.21,2070.63,1525,350,0.09,-0.05,-0.37,2.73,-0.2565,-0.075,0.05,-2.130001068
178,9/28/2020,10886.78844,10995.07985,10756.31992,10905.31235,4414.51,4441.49,-26.98,3041.27,2498.93,542.34,1447,459,0.91,0.78,1.44,1.34,0.1155,0.11,0.06,-0.189998627
179,9/29/2020,10989.15707,11103.89855,10928.52347,11076.94021,4414.51,4441.49,-26.98,3041.27,2498.93,542.34,817,1048,-0.1,0.0706,-0.91,-3.99,-0.009,-0.3782,0.52,0.079999924
180,9/30/2020,11154.52169,11211.13549,11076.35352,11159.93177,5725.27,6437.75,-712.48,3010.51,2601.04,409.47,856,1002,0.115,-0.1714,0.48,1.33,-0.239,0.2632,-0.17,0.100000381
181,10/1/2020,11204.95685,11258.13038,11150.65055,11218.75915,4708.03,3075.78,1632.25,3277.14,3017.68,259.46,1120,740,0.075,-0.0692,-0.94,1.21,-0.303,-0.3475,0.15,0.329999924
182,10/5/2020,11316.39854,11377.45225,11301.81348,11368.04861,5685.56,5448.85,236.71,2779.65,3251.21,-471.56,1041,862,1.72,0.3288,2.47,0.95,-0.156,0.2925,0.11,1.259998322
183,10/6/2020,11455.93421,11539.42005,11444.05067,11496.29878,6072.97,4971.21,1101.76,3076.87,4011.71,-934.84,1106,783,-0.13,-0.1138,-0.7,-1.3,0.317,0.14,-1.31,1.520000458
184,10/7/2020,11599.43705,11683.10468,11583.29848,11663.82019,6044.21,4950.4,1093.81,2970.15,4099.64,-1129.49,723,1182,0.74,0.335,0.42,-0.59,-0.101,-0.0417,-0.11,-1.420000076
185,10/8/2020,11712.47106,11800.45553,11684.151,11786.45003,6586.24,5607.87,978.37,4992.59,4972.74,19.85,828,1061,0.41,0.205,1.08,1.62,0.03,0.3817,0.32,-1.699998856
186,10/9/2020,11867.07927,11946.542,11835.431,11899.48842,6284.33,6323.72,-39.39,4154.21,4027.6,126.61,865,1014,-0.52,0.11,-0.02,0.46,-0.35,-0.245,0.78,-1.36000061
187,10/12/2020,11937.59043,12024.3034,11901.2349,11994.90561,6100.23,5485.06,615.17,1960.27,2989.04,-1028.77,652,1249,0.2,0.25,-0.78,1.32,0.373,-0.2651,-0.01,0.069999695
188,10/13/2020,12043.72489,12105.76678,11961.10156,12035.76736,5797.32,4965.18,832.14,3029.17,4703.63,-1674.46,807,1077,-0.67,-0.615,-0.7,0,0.102,0.1857,-0.08,1
189,10/14/2020,12049.86431,12104.00453,11989.62705,12042.19351,7151.46,6329.6,821.86,2962.67,4238.81,-1276.14,809,1062,-1.06,0.09,0.95,1.27,-0.2229,0.1744,0.35,0.329999924
190,10/15/2020,12026.03771,12095.90494,11940.76569,12058.27661,6544.15,7148.22,-604.07,3251.11,4059.4,-808.29,483,1433,0.92,-0.62,0.18,0.76,0.2669,-0.0149,-0.56,0.569999695
191,10/16/2020,12080.07656,12101.21466,11790.99832,11844.75064,4605.47,5085.06,-479.59,2545.89,2975.7,-429.81,1139,730,0.13,0.5,0.29,0.46,-0.119,-0.0731,-0.18,0.440000534
192,10/19/2020,11881.5689,11924.42471,11720.2285,11798.7143,5994.22,4337.44,1656.78,3278.52,4900.25,-1621.73,1077,798,-0.49,-0.555,-0.46,-1.39,-0.036,-0.022,-0.55,1.770000458
193,10/20/2020,11892.97408,11915.6645,11795.55336,11855.62965,6335.73,4750.66,1585.07,2928.16,4561.39,-1633.23,976,883,0.5,0.22,0.5,1.51,0.122,0.1651,0.05,0.170000076
194,10/21/2020,11882.77434,11946.81564,11840.86576,11897.64013,8448.11,6339.63,2108.48,3951.48,5585.01,-1633.53,936,927,0.3,-0.245,-0.79,3.38,0.1543,-0.3951,0.3,-0.700000763
195,10/22/2020,11946.40028,12009.62543,11814.257,11943.83279,8325.73,7207.27,1118.46,3207.37,5227.24,-2019.87,984,869,1.13,-0.0706,0.27,-2.28,0.0507,0.1578,-0.48,-0.539999008
196,10/23/2020,11923.93776,11978.85887,11833.35746,11931.89519,6024.92,5117.99,906.93,3705.8,4597.66,-891.86,1234,661,-0.02,0.3606,-0.29,-0.97,0.204,-0.2678,-0.08,-0.560001373
197,10/26/2020,11959.8097,11987.04298,11901.33725,11947.29563,5323.21,5442.63,-119.42,3112.15,4091.31,-979.16,621,1298,-0.5,-1.32,-1.38,-1.74,0.053,-0.3129,-0.18,4.909999847
198,10/27/2020,11959.17155,11965.98611,11787.54294,11834.39053,11020.94,7506.05,3514.89,4310.08,5880.88,-1570.8,865,982,-1,-0.24,-0.58,-2.28,-0.309,0.2239,0.46,0.88999939
199,10/28/2020,11862.52292,11923.25859,11741.08543,11868.82326,7833.41,8964.39,-1130.98,3843.24,3841.76,1.48,599,1251,-0.87,-1.29,-1.39,-3.37,0.591,-0.5614,-1.17,6.930000305
200,10/29/2020,11900.37732,11925.11478,11692.91501,11770.11476,5606.53,6027.48,-420.95,3325.98,3579.39,-253.41,642,1247,0.74,0.2,1.07,0.28,0.233,-0.2759,0.25,-2.689998627
201,10/30/2020,11710.29258,11793.20948,11616.37191,11683.60555,6329.42,7200.3,-870.88,2694.06,2062.95,631.11,938,908,0.14,-0.12,-0.76,-1.02,0.1671,-0.1743,0.56,0.430000305
202,11/2/2020,11657.66815,11738.13702,11533.66026,11627.15812,6824.79,6084.18,740.61,3816.19,4350.16,-533.97,699,1153,0.75,0.29,2.33,2.19,-0.1191,0.4406,0.43,-0.88999939
203,11/3/2020,11652.74369,11700.72161,11516.64844,11625.68317,8481.57,6207.17,2274.4,4316.48,5417.4,-1100.92,988,864,1,0.9364,0.91,1.73,0.058,0.1935,0.62,-1.580001831
204,11/4/2020,11682.80616,11768.28292,11634.12966,11734.21046,6302.82,6156.6,146.22,4428.91,4437.04,-8.13,966,872,-2.18,0.3415,-2.28,4.39,-0.1905,0.2865,-0.36,-5.979999542
205,11/5/2020,11736.21163,11870.78143,11715.70187,11855.67943,9962.68,4594.37,5368.31,3588.71,5796.89,-2208.18,1340,531,1.26,0.7621,2.52,3.91,-0.4155,-0.1068,1.9,-1.989999771
206,11/6/2020,11964.66497,12064.39217,11949.23951,12063.82322,9450.25,4580.38,4869.87,2950.98,5889.64,-2938.66,1132,719,-0.92,0.01,-0.74,-0.01,0.0145,-0.3132,-0.45,-2.719999313
207,11/9/2020,12136.32609,12258.21757,12128.01289,12258.0308,9163.22,4614.83,4548.39,3030.65,6066.96,-3036.31,1121,767,3.61,1.04,3.89,-3.52,0.0855,0.7337,-1.97,0.88999939
208,11/10/2020,12383.77139,12479.26894,12371.27083,12480.16594,14188.59,8561.27,5627.32,6626.38,8935.57,-2309.19,827,1053,1.43,0.35,1.34,-2.55,0.2877,0.3454,-0.96,-0.950000763
209,11/11/2020,12599.39839,12691.0658,12547.27244,12690.98808,14549.31,8342.12,6207.19,4578.17,8042.03,-3463.86,989,866,-1,-0.07,-1.25,2.66,0.1361,0.0707,-0.15,-1.349998474
210,11/12/2020,12771.48092,12862.2964,12679.24032,12854.69741,10143.06,8628.94,1514.12,3810.02,6049.45,-2239.43,1118,762,-1.21,-0.44,-1.17,-2.94,0.1754,-0.1638,0.12,1.899999619
211,11/13/2020,12845.66843,12899.53255,12758.503,12865.76443,9389.23,7453.31,1935.92,2265.3,4727.72,-2462.42,1134,730,0.69,0.4234,0.93,-1.03,-0.0317,-0.2579,-0.02,-2.25
212,11/17/2020,12827.588,12891.76013,12761.98092,12870.34168,14689.87,9784.52,4905.35,3076.21,6905.37,-3829.16,1058,853,1.36,0.0616,2.51,-1.49,-0.17,0.3331,-0.52,-0.390001297
213,11/18/2020,12997.92854,13013.44877,12882.11744,12965.86902,10146.94,7075.01,3071.93,3672.2,6462.05,-2789.85,1078,812,-0.86,0.075,0.82,-1.6,-0.333,0.0501,-0.91,1.130001068
214,11/19/2020,13006.25911,13063.64682,12936.4296,13039.73079,10852.05,9671.44,1180.61,3162.07,6017.01,-2854.94,829,1057,0.18,-0.1,0.04,2.03,0.0431,0.0287,-0.28,-0.729999542
215,11/20/2020,12977.17084,13080.30795,12890.99246,12936.86522,11000.78,7140,3860.78,2975.8,5844.46,-2868.66,1099,770,-0.22,-0.009,-0.61,1.57,-0.0469,0.1129,0.1,0.590000153
216,11/23/2020,12930.11479,13021.95008,12844.12206,12938.83343,12442.96,7704.52,4738.44,3909.28,6853.33,-2944.05,1125,793,0.25,-0.041,1.21,-0.32,0.0905,0.1258,-1.04,-1.040000916
217,11/24/2020,13003.34932,13038.15777,12880.57599,12978.72583,12480.89,7917.71,4563.18,3954.39,6476.5,-2522.11,1097,806,1.74,0.68,1.79,1.26,-0.1063,0.5813,-0.45,-1.020000458
218,11/25/2020,13058.16543,13116.00011,12998.71712,13081.48091,6931.7,6907.5,24.2,3724.49,5564.82,-1840.33,651,1253,-1.04,-0.13,-1.3,0.06,-0.3083,0.24,0.04,-0.38999939
219,11/27/2020,13165.63555,13191.07884,12939.43451,12977.58528,74741.85,67028.87,7712.98,4875.77,9844.67,-4968.9,1212,686,-1.05,0.2767,-1.03,-0.21,0.2563,-0.085,-0.14,-0.409999847
220,12/1/2020,13119.32578,13135.98064,12961.16524,13001.37602,11337.25,8095.25,3242,3644.5,4687.71,-1043.21,1294,651,-0.6,0.2933,-1.87,2.79,-0.5152,-0.255,1.14,-0.069999695
221,12/2/2020,13124.07152,13168.9888,12999.26189,13108.17513,9295.46,8938.11,357.35,3377.19,5013.16,-1635.97,1096,796,0.64,-0.025,-0.33,-0.55,0.2151,0.1487,0.13,0.399999619
222,12/3/2020,13161.28007,13177.4262,13025.14036,13154.53327,14473.15,10835.73,3637.42,4693.02,6132.76,-1439.74,1393,568,-0.13,-0.045,0.4,-4.46,0.101,0.1513,-0.35,0.11000061
223,12/4/2020,13239.23134,13238.52188,13120.32918,13182.78552,9863.79,6894.2,2969.59,4062.46,6034.06,-1971.6,1088,846,0.99,0.06,1.45,0.4,-0.068,0.1,-0.11,-0.489999771
224,12/7/2020,13240.27688,13306.21521,13189.52262,13278.29351,8796.14,5004.08,3792.06,4287.14,7054.23,-2767.09,1412,532,-0.2,-0.01,-1.84,3.26,0.0739,-0.05,0.45,0.509998322
225,12/8/2020,13296.27797,13392.80325,13277.29729,13384.54463,8473.34,5563.74,2909.6,3912.38,6553.31,-2640.93,941,1017,0.08,-0.05,1.34,0.09,-0.1522,-0.02,-0.05,-0.619998932
226,12/9/2020,13408.18579,13474.15144,13358.26685,13450.66956,9574.48,6010.25,3564.23,3834.91,6328.01,-2493.1,1152,809,0.25,-0.025,0.11,-2.55,0.0115,-0.01,-0.54,1.590000153
227,12/10/2020,13497.85886,13584.21605,13485.36716,13568.79012,7663.53,5403.55,2259.98,3390.71,5665.93,-2275.22,732,1214,-0.2,0.225,-0.23,-1.11,0.0165,0.31,-0.27,0.25
228,12/11/2020,13551.08122,13591.42066,13495.79478,13574.77441,10402.09,6206.66,4195.43,3726.16,6085.16,-2359,1125,817,-0.32,-0.51,-0.43,0.68,0.024,-0.07,-0.19,0.789999008
229,12/14/2020,13582.13912,13638.52736,13490.96617,13591.28002,7589.88,5325.5,2264.38,3813.97,5535.08,-1721.11,1253,697,-0.26,0.3,-0.94,-1.63,-0.109,0.0922,-0.46,1.409999847
230,12/15/2020,13628.95772,13663.44517,13528.71753,13620.60748,8612.92,6128.83,2484.09,3564.69,6231.48,-2666.79,946,1012,0.92,0.455,1.07,3.25,-0.08,0.178,0.43,-1.829999924
231,12/16/2020,13623.33762,13659.86287,13518.77731,13631.8825,8209.33,6227.56,1981.77,3748.65,5467.1,-1718.45,1216,747,-0.05,0.4609,-0.3,-0.19,0.076,0.0713,0.2,-0.38999939
232,12/17/2020,13695.63953,13724.14495,13621.29936,13711.66588,8609.38,6254.13,2355.25,3125.72,5620.08,-2494.36,870,1094,-0.08,0.4441,0,1.4,-0.067,0.1885,0.52,-0.569999695
233,12/18/2020,13757.19909,13804.56574,13709.17447,13782.12105,14649.69,11928.74,2720.95,4224.56,6649.17,-2424.61,751,1196,-1.32,-0.225,1.83,0.1,-0.0465,0.1243,-0.32,-0.36000061
234,12/21/2020,13813.40529,13832.79734,13729.38216,13819.77165,6595.73,6919.28,-323.55,5948.66,5462.54,486.12,259,1729,-0.29,-0.625,-0.58,-0.55,0.4885,-0.3543,-0.25,3.590000153
235,12/22/2020,13813.83545,13840.28604,13349.90141,13516.72618,6616.43,5463.43,1153,5205.19,5866.7,-661.51,1031,900,-0.42,-0.07,-0.41,1.85,-0.138,-0.2367,-0.5,-0.930000305
236,12/23/2020,13540.38744,13630.23673,13216.47914,13472.23708,5365.66,4829.53,536.13,4040.67,5367.59,-1326.92,1631,322,0.69,0.5096,0.08,-1.95,-0.039,0.2953,0.31,-0.920000076
237,12/24/2020,13482.95491,13621.36419,13332.48589,13550.79058,5316.24,4090.55,1225.69,3456.22,5354.14,-1897.92,1116,825,-0.14,-0.1996,0.04,0.67,-0.286,0.031,0.07,-1.779998779
238,12/29/2020,13601.91409,13727.34222,13531.30634,13695.13979,5426.77,3077.24,2349.53,2386.77,4397.27,-2010.5,944,1008,-0.34,0.665,-0.46,0.52,-0.207,-0.0329,0.01,1.549999237
239,12/30/2020,13830.0244,13916.59393,13791.06596,13892.04423,5345.63,3521.11,1824.52,3372.43,3959.86,-587.43,1020,889,0.53,-0.425,1.14,1,-0.2027,0.0552,0.33,-0.309999466
240,12/31/2020,13982.2966,14019.95196,13907.42249,14011.71584,6855.31,5719.72,1135.59,4209.73,4467.37,-257.64,1113,797,0.27,-0.3334,0.03,2.6,-0.0691,0.0285,-0.46,-0.020000458
241,1/4/2021,14035.42505,14078.82422,14000.83658,14056.0812,5331.17,3487.95,1843.22,4575.57,5290.78,-715.21,1375,604,0.18,0.2044,-1.46,-0.73,-0.0306,-0.2611,1.84,4.219999313
242,1/5/2021,14146.05845,14184.97475,14043.17291,14174.29041,7039.45,6053.15,986.3,5092,5582.03,-490.03,1116,867,0.26,0.1539,1.76,-0.04,0.1177,0.6508,-0.34,-1.629999161
243,1/6/2021,14164.39872,14272.1016,14117.71981,14265.02389,6733.28,7216.92,-483.64,5686.04,6066.45,-380.41,859,1121,3.26,0.4641,2.63,3.43,0.0209,0.0799,0.22,-0.270000458
244,1/7/2021,14280.93159,14320.96801,14133.36041,14255.13319,8481.77,8099.47,382.3,4815.72,5805.22,-989.5,1210,737,-0.61,0.191,0.08,1.4,0.2608,0.18,0.27,-2.699998856
245,1/8/2021,14332.22011,14340.117,14188.54882,14231.67171,13171.18,7141.35,6029.83,4792.7,7165.24,-2372.54,1074,887,-0.21,0.0692,-0.3,2.01,-0.1293,0.3506,-0.8,-0.810001373
246,1/11/2021,14346.76336,14417.98697,14274.10229,14362.59863,9652.29,6513.39,3138.9,4496.85,7106.98,-2610.13,778,1210,-0.27,-0.5692,0.65,2.09,0.1693,-0.0772,-0.45,2.520000458
247,1/12/2021,14497.94598,14537.84466,14418.99967,14512.84656,9354.82,8783.35,571.47,5556.61,6891.11,-1334.5,1037,917,0.83,0.17,2.18,1.02,-0.2105,0.2796,0.02,-0.75
248,1/13/2021,14555.67225,14648.15261,14508.9676,14626.85554,10263.57,8384.51,1879.06,5777.2,8147.37,-2370.17,667,1309,-0.52,-0.1018,-1.01,0.57,-0.194,-0.023,0.06,-1.120000839
249,1/14/2021,14689.15532,14730.96359,14538.06344,14666.10143,10175.47,9098.85,1076.62,5772.8,5960.9,-188.1,912,1022,0.23,0.0968,-0.38,-0.36,0.0505,0.18,0.08,1.040000916
250,1/15/2021,14672.00381,14729.23166,14563.34302,14691.9487,7240.81,6269.75,971.06,4914.07,5856.14,-942.07,518,1432,-0.4,-0.7415,-2.34,-2.09,0.044,-0.4139,-0.54,1.090000153
251,1/19/2021,14682.48153,14714.91211,14480.44293,14573.93758,6715.91,6458.36,257.55,5146.41,5345.71,-199.3,1431,517,-0.1,0.3965,0.24,2.22,-0.001,0.2139,0.25,-1.100000381
252,1/20/2021,14515.57839,14645.97296,14427.46742,14572.87988,7701.29,5412.24,2289.05,5084.73,5949.35,-864.62,997,937,-0.45,0.1,1.02,1.41,-0.229,0.02,0.44,-1.659999847
253,1/21/2021,14551.58452,14693.20128,14517.30201,14655.40397,9104.25,7489.59,1614.66,5053.57,6093.05,-1039.48,601,1369,-0.03,0.115,-1.01,-2.27,0.0405,-0.024,-0.15,-0.260000229
254,1/22/2021,14703.49384,14771.79895,14553.13806,14647.99759,8326.77,8962.46,-635.69,4859.95,6150.3,-1290.35,477,1472,0.39,-0.07,-0.06,-0.98,0.0146,-0.216,-0.21,0.590000153
255,1/25/2021,14661.25987,14704.74058,14448.2563,14480.84765,8423.37,9188.67,-765.3,5090.23,5477.99,-387.76,501,1457,-1.03,-0.355,-0.27,1.88,-0.0301,0.1574,-0.03,1.280000687
256,1/27/2021,14558.94791,14575.01088,14295.38671,14305.46313,11236.79,12925.01,-1688.22,6222.79,6226.17,-3.38,614,1313,-0.2,-0.5309,-2.84,-1.1,0.058,-0.0775,-1.45,14.01999855
257,1/28/2021,14335.9843,14331.36913,14017.69641,14033.06374,8493.91,12206.42,-3712.51,6351.07,4614.15,1736.92,938,975,1.25,0.2709,-0.01,-2.17,-0.0795,-0.0799,0.37,-7
258,1/29/2021,13929.44735,13980.0754,13742.07409,13809.61907,11875.01,17805.67,-5930.66,7582.45,5139.25,2443.2,868,1044,-0.81,-0.5879,-2.48,-3.76,-0.1079,-0.03,0.01,2.880001068
259,2/1/2021,13851.12462,13879.78732,13545.92372,13591.11791,10168.32,8674.09,1494.23,6603.46,6693.92,-90.46,1348,607,0.21,0.4879,0.85,3.34,0.3544,0.4,0.17,-2.850000381
260,2/2/2021,13696.92354,14115.67135,13520.63743,13973.81483,13585.57,7404.01,6181.56,7755.23,9790.43,-2035.2,1235,715,0.53,0.3257,1.86,4,-0.2157,0.2981,-0.2,-4.680000305
261,2/3/2021,14162.72067,14521.99907,14109.44799,14429.08684,11546.18,9025.26,2520.92,6427.49,6827.23,-399.74,1189,728,0.31,0.1943,0.74,-0.45,-0.108,0.2805,0,-2.649999619
262,2/4/2021,14586.02358,14809.76579,14465.33544,14741.51045,11826.54,9889.8,1936.74,6314.21,7082.76,-768.55,1212,705,0.95,-0.055,0.99,1.41,0.0897,0.1392,-0.35,-1.13999939
263,2/5/2021,14801.40505,14965.1432,14723.66586,14949.86838,9402.17,7940.46,1461.71,6202.57,7621.22,-1418.65,764,1155,-0.41,0.365,0.9,-0.98,-0.1125,0.1768,0.34,-0.899999619
264,2/8/2021,15005.23053,15094.62172,14935.58976,15048.06135,8017.52,6140.92,1876.6,5356.49,5861.35,-504.86,1106,793,1.12,-0.035,0.11,-0.14,0.055,0.3254,0.13,0.369998932
265,2/9/2021,15162.06813,15242.39365,15140.59498,15211.65358,11599.6,10298.95,1300.65,4649.82,6406.06,-1756.24,800,1150,0.42,0.005,-0.75,0.68,-0.0495,0.1,-0.03,0.38999939
266,2/10/2021,15285.95532,15362.44306,15228.23975,15261.35936,9072.1,7285.13,1786.97,4749.91,6825.59,-2075.68,879,1048,-0.23,-0.0734,1.07,-0.66,-0.018,0.07,0.08,0.36000061
267,2/11/2021,15288.5734,15333.8194,15180.79544,15261.08984,5627.71,4683.35,944.36,4271.11,4978.79,-707.68,1106,833,-0.8,0.1283,0,-0.1,-0.1445,-0.16,-0.32,-0.739999771
268,2/12/2021,15236.16805,15317.08484,15201.09152,15290.74349,4252.21,4289.54,-37.33,3647.82,4245.44,-597.62,854,1059,-0.06,0.1251,0.48,-0.38,-0.072,0.405,-0.04,-1.280000687
269,2/16/2021,15277.19848,15334.66717,15204.24563,15281.33755,6825.94,5681.85,1144.09,4632.12,6191.65,-1559.53,822,1115,0.08,0.02,0.6,2,0.227,0.275,-0.45,1.489999771
270,2/17/2021,15416.76143,15466.87653,15307.29852,15371.92129,8499.18,7490.98,1008.2,4441.26,5724.64,-1283.38,914,1010,0.18,-0.41,-0.21,0.7,-0.02,0.18,-0.87,0.040000916
271,2/18/2021,15401.23729,15430.91737,15289.25681,15325.77278,9725.77,8822.7,903.07,5281.7,6499.04,-1217.34,1064,862,-0.5,-0.08,-0.98,0.19,-0.1525,-0.3,-0.51,0.989999771
272,2/19/2021,15350.70809,15356.66773,15200.9161,15228.39725,8611.06,8492.31,118.75,3542.36,4717.34,-1174.98,646,1286,0.58,0.23,2.83,-0.45,-0.1495,-0.2418,-0.54,-0.440000534
273,2/22/2021,15198.93963,15237.38261,15021.32471,15077.55222,9454.13,10347.38,-893.25,4804.05,5723.93,-919.88,569,1395,1.02,-0.049,2.09,-2.81,-0.0295,0.6418,0.75,1.400001526
274,2/23/2021,15068.86684,15082.18419,14745.92274,14786.18843,8112.33,9681.37,-1569.04,4918.49,4701.82,216.67,1156,755,0.52,0.009,-0.36,-1.28,-0.061,0.19,-0.37,-0.340000153
275,2/24/2021,14852.90165,14899.898,14634.92474,14679.88724,35295.57,6556.4,28739.17,3573.61,3343.17,230.44,1200,632,0.88,0.2575,1.57,1.65,-0.0145,0.38,-0.06,-1.770000458
276,2/25/2021,14720.27275,14932.58871,14487.09954,14837.94992,14123.81,13935.73,188.08,5174.63,5921.2,-746.57,1258,677,-1.04,-0.4575,-2.34,-1.67,0.315,-0.02,-0.65,7.549999237
277,2/26/2021,14920.62778,15075.52878,14833.8658,15001.58332,22163.45,30458.62,-8295.17,7534.99,6035.29,1499.7,580,1368,-0.78,-0.2799,-2.04,-2.03,1.2115,-0.5074,-0.78,-0.939998627
278,3/1/2021,14882.22098,14959.88798,14570.7325,14670.3199,6674.54,6549.39,125.15,4262.45,4457.33,-194.88,1297,700,1.62,0.5199,2.23,3.58,-0.5245,-0.3126,0.3,-4.600000381
279,3/2/2021,14733.97939,14827.97756,14576.10384,14688.1844,8978.71,6755.55,2223.16,4315.34,5169.38,-854.04,1189,729,-0.44,0.05,1.19,-1.23,-0.084,-0.2012,0.89,0.75
280,3/3/2021,14788.05705,14882.26476,14673.69792,14817.50664,10944.98,8856.28,2088.7,5414.38,5021.47,392.91,1206,734,1.4,0,-0.48,-3.93,-0.445,0.4812,-0.36,2.569999695
281,3/4/2021,14962.39012,15139.63385,14892.69949,15117.21056,11733.98,11957.09,-223.11,4342.9,5131.09,-788.19,1047,896,-0.03,-0.37,-1.05,1.29,-0.1575,0.83,0.04,1.899999619
282,3/5/2021,15017.30752,15207.74837,14981.63116,15133.86062,9383.17,11397.33,-2014.16,3633.06,4824.25,-1191.19,537,1423,2.04,-0.18,1.71,6.7,0.4685,0.597,0.3,-3.909999847
283,3/8/2021,15005.26608,15155.10384,14931.94754,15031.36048,5918.33,7412.82,-1494.49,3838.89,3355.27,483.62,1038,927,2.37,0.65,0.53,0.29,0.1275,-0.387,-0.34,0.809999466
284,3/9/2021,15014.819,15140.04478,14945.32935,14992.18962,11281.25,8479.38,2801.87,6216.33,4966.11,1250.22,744,1208,-0.79,0.335,-1.18,1.66,-0.419,-0.2007,0.49,-1.439998627
285,3/10/2021,15051.35331,15141.85944,14951.63706,15074.67346,6534.99,6550.68,-15.69,4059.79,3612.12,447.67,1080,851,1.49,0.215,1.83,-2.1,-0.0305,0.2607,0.13,-1.470001221
286,3/12/2021,15175.64935,15206.80619,15077.5661,15165.68293,12080.56,13023.16,-942.6,4789.89,4953.76,-163.87,786,1174,1,0.23,0.25,-0.13,-0.172,0.3,0.2,-1.869998932
287,3/15/2021,15314.63805,15319.25372,15024.65739,15099.56034,6658.82,7760.17,-1101.35,4036.19,4785.9,-749.71,691,1316,-1.44,-0.385,-1.44,1.57,-0.1065,-0.04,0.45,-0.659999847
288,3/16/2021,15174.49527,15158.97189,14845.50345,14991.86688,7819.91,6127.6,1692.31,4518.78,5687.37,-1168.59,913,1022,-0.35,0.2,0.28,-0.52,-0.065,-0.18,-0.06,-0.239999771
289,3/17/2021,15065.66064,15083.93773,14866.13337,14927.64568,9973.21,7347.39,2625.82,5874.44,6436.59,-562.15,382,1582,0.43,0.38,2.83,-1.45,0.038,-0.06,0.42,-0.560001373
290,3/18/2021,14978.18184,14981.75697,14737.41099,14764.07926,7994.23,6735.76,1258.47,4692.9,5809.07,-1116.17,425,1529,0.16,-0.025,-1.29,0.92,0.072,-1.3,-0.27,2.350000381
291,3/19/2021,14874.02232,14879.51837,14525.10604,14576.54744,24193.67,22775.24,1418.43,7503.7,6944.08,559.62,1017,915,-0.08,-0.19,-0.81,0.8,-0.1965,0.55,0.1,-0.629999161
292,3/22/2021,14554.84535,14775.80789,14342.95015,14633.20977,6436.46,7223.44,-786.98,4659.69,4116.99,542.7,1062,930,-1.06,0.14,-0.4,1.38,-0.0685,-0.06,-0.34,-2.070001602
293,3/23/2021,14607.91919,14718.47566,14449.08101,14663.65905,7811.31,7919.55,-108.24,4882.49,5412.18,-529.69,1157,778,-0.5,-0.365,-2.76,0.45,0.151,-0.91,-0.38,1.420000076
294,3/24/2021,14667.67333,14783.48094,14587.85577,14740.92573,5577.51,7529.41,-1951.9,5581.34,4968.54,612.8,441,1492,-0.15,-0.075,1.29,-0.24,0.0665,0.88,-0.08,0.900001526
295,3/25/2021,14663.30918,14730.11417,14533.89587,14589.95588,6669.49,10053.09,-3383.6,7823.37,5555.68,2267.69,359,1615,0.97,-0.0285,1.2,-0.76,0.103,-0.66,-0.43,-1.390001297
296,3/26/2021,14565.7942,14584.635,14318.30248,14363.96644,6317,6367.13,-50.13,5876.74,4173.6,1703.14,1157,769,1.43,0.3335,0.75,4.15,-0.04,0.65,0.27,-0.949998856
297,3/30/2021,14481.1505,14523.63703,14333.47776,14400.14466,10119.5,9350.03,769.47,11262.39,9081.38,2181.01,1049,917,-0.97,0.2473,0.62,-3.27,0.7985,-0.1715,-0.49,0.75
298,3/31/2021,14538.21016,14723.47118,14495.57833,14670.74411,7657.89,9343.8,-1685.91,6160.75,4079.23,2081.52,925,1008,0.23,0.0877,-0.67,0.01,-0.3015,-0.2185,0.29,-0.210000992
299,4/1/2021,14703.89408,14776.70573,14613.05308,14688.74538,7279.28,7129.87,149.41,3621.88,3918.72,-296.84,1594,355,0.17,0.3789,0.66,3.39,0.1675,0.59,0.57,-2.069999695
300,4/6/2021,14773.48971,14852.49949,14682.98245,14823.57973,4825.29,5918.04,-1092.75,4518.84,4102.25,416.59,1158,774,-0.06,0.4611,0,1.81,0.173,-0.44,0.51,0.790000916
301,4/7/2021,14760.10377,14811.54196,14626.70739,14750.35276,7380.16,7152.74,227.42,4903.19,4522.11,381.08,1277,647,-0.57,-0.0631,-0.61,-1.88,0.8615,0.004,-0.21,-0.960000992
302,4/8/2021,14737.17716,14863.80353,14652.56281,14810.7028,8752.01,8641.16,110.85,4854.39,4301.61,552.78,1242,707,0.34,0.0881,-0.8,2.74,0.2255,-0.004,0.49,-0.209999084
303,4/9/2021,14840.25995,14961.90492,14786.12808,14875.36734,6307.89,6961.4,-653.51,5224.86,5496.12,-271.26,1071,844,0.09,0.1184,-0.05,2.58,0.1695,-0.0847,0.05,-0.260000229
304,4/12/2021,14890.85682,14956.51054,14818.29793,14873.00461,6519.91,8266.34,-1746.43,7165.01,6932.25,232.76,229,1781,0.48,-0.0193,0.65,-0.01,0.283,0.1447,-0.22,0.219999313
305,4/13/2021,14738.78692,14758.47252,14441.3949,14491.13164,8556.44,9287.25,-730.81,4557.77,4313.97,243.8,1407,519,-0.88,0.1559,-0.48,1.84,0.279,0.22,0.11,-0.260000229
306,4/15/2021,14466.00591,14577.99716,14286.88868,14456.52993,11711.48,10731.78,979.7,4979.59,5506.22,-526.63,754,1166,0.02,0.1133,1.26,2.12,-0.4505,0.74,0.88,-0.079999924
307,4/16/2021,14458.2028,14549.42862,14280.07167,14503.60825,7512.32,7074.81,437.51,5523.58,4866.03,657.55,1133,763,0.57,0.5255,0.11,0.12,-0.368,-0.06,0.25,-0.319999695
308,4/19/2021,14518.2952,14615.80895,14434.18546,14557.94854,6381.91,8015.61,-1633.7,6843.13,4487.57,2355.56,380,1598,-0.66,-0.0388,-0.13,-1.54,0.4035,0.06,-0.12,1.040000916
309,4/20/2021,14341.65202,14425.66215,14246.60313,14401.17305,8722.73,9805.06,-1082.33,5595,4271.99,1323.01,1073,828,-1.32,-0.5602,-2.07,1.05,0.516,-0.27,0.29,1.38999939
310,4/22/2021,14425.14389,14448.52014,14176.60718,14288.41014,9619.52,10529.08,-909.56,5737.09,4887.11,849.98,1136,782,0.16,0.1465,-1.55,0.04,-0.31,-0.26,0.01,0.029998779
311,4/23/2021,14249.83798,14393.63764,14112.25823,14323.23206,6729.46,8090.22,-1360.76,5151.62,3456.03,1695.59,1028,864,1.37,0.3337,1.18,2.75,-0.101,0.1987,-0.2,-1.379999161
312,4/26/2021,14253.2338,14401.62666,14178.88322,14300.51293,7660.72,8772.61,-1111.89,6518.02,5495.45,1022.57,1281,664,-0.52,-0.0698,0.09,-2.44,-0.1895,-0.0487,-0.05,0.309999466
313,4/27/2021,14351.89866,14481.27845,14323.41581,14399.69237,5527.78,6982.53,-1454.75,6484.69,5021.25,1463.44,1325,570,-0.1,-0.0352,0.45,0.77,-0.2005,0.3,-0.52,-0.079999924
314,4/28/2021,14434.99314,14601.57888,14438.85439,14570.78109,7822.55,7056.53,766.02,6349.17,5912.97,436.2,1204,716,0.14,0.1357,0.66,-1.15,-0.07,0.23,0.12,-0.279998779
315,4/29/2021,14631.6626,14818.49744,14642.41063,14802.09807,6399.32,5589.95,809.37,4222.29,5164.64,-942.35,867,1042,0.39,-0.1957,0.75,2.24,-0.4195,0.28,-0.41,0.329999924
316,4/30/2021,14914.31043,15025.68596,14816.9181,14924.46854,7951.05,11416.12,-3465.07,5761.78,4342.47,1419.31,799,1087,0.24,-0.4647,-1.56,-0.35,-0.131,-0.4,-0.1,1
317,5/4/2021,14868.24931,14974.68902,14733.06661,14779.7003,5849.01,7621.38,-1772.37,4952.6,3965.26,987.34,778,1134,0.34,-0.5102,3.72,2,-0.156,0.7,0.76,0.869998932
318,5/5/2021,14791.92603,14844.7656,14582.71624,14607.07488,4955.96,6066.46,-1110.5,4255.47,4496.08,-240.61,1187,707,-0.49,0.5449,1.85,0.01,0.0035,-0.08,0.24,-0.329999924
319,5/6/2021,14688.95081,14716.70009,14540.49401,14612.12708,6326.62,5104.04,1222.58,4036.91,4669.42,-632.51,1056,850,-0.04,0.3225,0.97,0.03,-0.199,-0.091,1.3,-0.760000229
320,5/7/2021,14683.8068,14732.33735,14595.10399,14691.89365,7159.99,8302.74,-1142.75,6414.23,4946.14,1468.09,1097,834,0.08,0.6434,0,0.98,-0.348,-0.019,0.37,-1.699998856
321,5/10/2021,14786.95181,14825.84656,14730.04975,14798.73432,6860.97,6277.28,583.69,5851.72,6327.98,-476.26,1353,643,-0.78,-0.2952,-0.31,-1.03,0.1055,0.07,0.01,2.969999313
322,5/11/2021,14912.30073,14942.70256,14880.18445,14930.57452,6577.06,6913.06,-336,5172.16,5848.83,-676.67,1182,772,-0.43,-0.3307,-0.16,-3.8,0.0125,0.19,0.02,2.180000305
323,5/12/2021,14864.54099,14944.19241,14854.4908,14918.7665,5312,6572.59,-1260.59,5372.26,6076.62,-704.36,887,1089,-0.38,-0.3306,-0.97,-1.37,0.1215,0.085,-0.42,5.75
324,5/14/2021,14860.82961,14884.76285,14746.534,14794.75978,5856.4,8464.25,-2607.85,5444.16,4830.9,613.26,761,1220,1.98,0.9494,2.23,6,-0.2935,-0.219,0.49,-8.780000687
325,5/17/2021,14801.46063,14800.15425,14650.1346,14719.92104,5797.54,8053.38,-2255.84,7096.88,5148.4,1948.48,1340,650,-0.19,0.0233,1.08,-0.61,0.062,0.2854,1.25,0.909999847
326,5/18/2021,14776.39479,14895.93158,14700.68548,14861.74051,8433.44,7814.95,618.49,6301.03,5851.51,449.52,1201,756,-0.77,-0.0971,-1.38,-1.81,-0.2455,-0.166,-0.16,1.620000839
327,5/19/2021,14988.27684,15083.19652,14953.74755,15059.5596,7138.11,7835.86,-697.75,4722.98,5575.5,-852.52,1107,857,-0.13,-0.4443,-0.98,-1,0.1555,-0.6854,-0.52,0.840000153
328,5/20/2021,15076.55206,15162.05127,15040.9645,15088.48879,8149.8,8078.76,71.04,4723.27,5599.33,-876.06,942,1010,0.03,0.6223,-0.29,2.52,-0.165,-0.3586,0.22,-1.510000229
329,5/21/2021,15098.25971,15144.34616,14982.66071,15003.60424,7950.66,7440.5,510.16,6089.36,5440.26,649.1,1202,751,1.02,0.112,0.57,0.41,-0.2105,0.4601,-0.11,-0.520000458
330,5/24/2021,15060.76137,15215.04835,15020.38041,15152.18877,7830.55,7245.19,585.36,5329.13,6036.82,-707.69,1202,796,-0.11,0.3,0.72,1.05,0.0345,0.6285,-0.02,-1.75
331,5/25/2021,15198.33379,15288.2398,15146.61291,15230.77035,7282.89,6323.12,959.77,4299.61,4863.2,-563.59,1030,950,-1.6,-0.13,-0.51,-0.61,-0.1015,-0.1,-0.1,0.440000534
332,5/26/2021,15313.21119,15340.91647,15210.10645,15266.09584,5114.13,4872.53,241.6,3623.92,4062.51,-438.59,1244,737,0.66,-0.2333,0.53,1.14,-0.051,0.14,0,-1.479999542
333,5/27/2021,15331.68847,15375.20798,15252.76592,15340.51193,42734.21,43395.11,-660.9,6139.4,6027.02,112.38,1037,922,0.41,-0.0154,-0.91,0.53,-0.1185,0.17,-0.72,-0.620000839
334,5/28/2021,15378.45044,15428.99975,15318.9541,15391.97706,5917.71,5004.12,913.59,6440.88,5165.66,1275.22,774,1207,0.3,0.1623,-0.24,1.48,-0.1735,-0.03,0.22,0.020000458
335,6/1/2021,15460.91942,15506.70528,15428.28977,15476.78567,4507.92,4957.78,-449.86,4363.99,4133.5,230.49,730,1247,0.36,0.2073,1.99,-3.01,0.4245,0.41,0.18,1.13999939
336,6/2/2021,15640.01561,15671.60978,15564.76669,15606.53236,11510.79,10589.69,921.1,4657.4,4415.64,241.76,1375,587,-0.55,0.0185,-1.46,2.39,0.1185,0.19,-0.09,-0.420000076
337,6/3/2021,15631.73842,15690.8066,15565.75305,15655.82975,7323.5,6244.3,1079.2,4726,5004.97,-278.97,1360,625,0.36,-0.1202,1.66,1.22,0.0565,0.02,-0.96,0.560001373
338,6/4/2021,15712.73679,15765.09261,15662.67505,15748.58612,7683.55,6184.18,1499.37,3883.29,5058.3,-1175.01,1116,859,0.12,0.2403,-0.24,2.17,-0.146,0.18,0.25,-1.620000839
339,6/7/2021,15779.56156,15808.31253,15703.60436,15764.32864,6811.49,6997.95,-186.46,5644.06,4660.09,983.97,1418,637,0.63,0.0671,-1.13,-1.33,-0.0645,-0.05,-0.05,0
340,6/8/2021,15807.44767,15845.47895,15750.56324,15818.15948,7646.87,6224.16,1422.71,3936.21,5563.19,-1626.98,1059,915,-0.09,-0.0816,0.14,0.06,0.1125,0.3,-0.29,0.649999619
341,6/9/2021,15844.00209,15855.61112,15762.08776,15823.44242,7088.53,7934.9,-846.37,5895.55,6167.25,-271.7,708,1282,-0.79,-0.2149,-0.54,0.16,0.0375,-0.17,-0.11,0.819999695
342,6/10/2021,15844.76942,15866.08185,15675.29275,15740.02066,7447.97,6118.27,1329.7,4282.21,4857.4,-575.19,1543,473,-0.72,0.0489,-0.85,-0.76,0.1675,0.21,0.7,-1.789999008
343,6/11/2021,15782.1545,15826.92251,15686.34405,15767.87182,5161.16,5142.52,18.64,5212.5,4546.14,666.36,1043,959,0.19,0.0519,0.01,4.59,0.1325,0.02,-0.48,-0.450000763
344,6/14/2021,15821.50758,15862.94195,15759.3038,15819.85021,4339.27,4842.78,-503.51,4801.07,4256.81,544.26,899,1138,0.05,0.0141,-1.04,2.21,-0.091,0.07,-0.08,0.739999771
345,6/15/2021,15830.62793,15865.07404,15684.11158,15847.23908,7621.18,6987.49,633.69,3875.29,4524.58,-649.29,1188,810,0.42,0.0449,0.26,1.13,0.1835,0.33,-0.36,0.630001068
346,6/16/2021,15884.06238,15917.53207,15814.82203,15895.37615,5940.25,6810.54,-870.29,4027.52,4901.72,-874.2,726,1291,0.54,-0.3799,-1.63,1.06,-0.0325,-0.1,-0.34,1.129999161
347,6/17/2021,15889.39525,15921.67743,15798.54602,15838.22011,6727.57,7607.3,-879.73,5107.52,5062.28,45.24,687,1324,-1.41,-0.205,-2.05,2.44,0.8465,-0.39,-1.42,-0.399999619
348,6/18/2021,15743.08911,15838.12391,15694.68307,15752.04135,20440.85,17760.28,2680.57,7052.77,6606.57,446.2,565,1436,-0.47,-0.753,-1.56,-3.99,-0.0135,0.18,-0.28,2.950000763
349,6/21/2021,15751.09607,15790.80112,15524.59032,15704.51217,4675.48,5920.19,-1244.71,4028.31,3890.22,138.09,1255,770,1.24,0.538,1.13,2.98,0.047,0.37,0.4,-2.810001373
350,6/22/2021,15589.11137,15770.98885,15487.18949,15728.42773,6488.06,7516,-1027.94,5099.01,4796.56,302.45,1212,792,-0.04,0.05,0.39,-0.08,0.1535,0.065,-0.07,-1.229999542
351,6/23/2021,15743.3008,15856.44214,15651.93719,15759.06914,13648.63,10492.1,3156.53,4982.56,3665.36,1317.2,782,1194,0.53,-0.3734,-0.35,-0.74,-0.248,0.117,-0.12,-0.340000153
352,6/24/2021,15832.78072,15871.73496,15673.59843,15711.20301,7094.36,9985.3,-2890.94,5377.76,4239,1138.76,783,1186,0.67,0.2234,-0.04,-0.16,0.09,0.088,0.01,-0.349999428
353,6/25/2021,15781.79918,15846.87571,15703.02491,15763.67965,6766.31,7445.15,-678.84,6844.01,5011.25,1832.76,1070,902,0.54,0.1,0.18,0.27,-0.0515,0.15,-0.08,-0.350000381
354,6/28/2021,15829.5767,15869.45276,15764.93743,15838.27636,4275.71,5934.43,-1658.72,5634.19,4357.11,1277.08,1069,940,-0.9,-0.1242,-0.39,-0.96,0.1515,-0.32,-0.19,0.140000343
355,6/29/2021,15904.67677,15910.96884,15804.93335,15837.89839,10932.02,10815.39,116.63,8687.31,6877.26,1810.05,903,1084,-0.52,-0.3158,0.08,-0.26,0.004,0.2,-0.17,0.260000229
356,6/30/2021,15858.31968,15870.70765,15770.34334,15787.25576,6057.48,7704.14,-1646.66,6171.14,4650.96,1520.18,965,1017,-0.02,-0.32,0.3,-1.05,0.052,-0.03,0.15,-0.190000534
357,7/1/2021,15811.64169,15852.72885,15739.92669,15742.94913,4395.8,5641.09,-1245.29,4721.48,3840.88,880.6,,,0.18,0.055,0.22,0.23,0.216,0.27,-0.1,-0.350000381
358,7/2/2021,15773.0784,15783.78457,15693.9999,15692.80616,4860.51,5843.31,-982.8,4922.08,3991.69,930.39,,,-0.65,0.11,0.01,1.85,-0.065,0.16,0.21,-0.409999847
